Name*,Email*,Mobile,Social Security Number*,Account Type*,Company Name,Address*,City*,State*,Postal Code*,Company Phone,Company Website,Gst No
testClient,testClient12@yopmail.com,8956325487,MATH879643123132,organization,Ibyte Infomatics Pvt Ltd,H-126 Girraj Vatika Mathura-281006,Mathura,Uttar Pradesh,281006,,,
,,,,,,,,,,,,
,,,,,,,,,,,,
,,,,,,,,,,,,
,,,,,,,,,,,,
,,,,,,,,,,,,
,,,,,,,,,,,,
,,,,,,,,,,,,
,,,,,,,,,,,,
,,,,,,,,,,,,
,,,,,,,,,,,,
,,,,,,,,,,,,
,,,,,,,,,,,,
,,,,,,,,,,,,
,,,,,,,,,,,,
,,,,,,,,,,,,
,,,,,,,,,,,,
,,,,,,,,,,,,
,,,,,,,,,,,,
,,,,,,,,,,,,
,,,,,,,,,,,,
,,,,,,,,,,,,
